{"cameraMode":{"drawMode":0,"name":"Shaded","section":"Shading Mode"},"sceneLighting":false,"audioPlay":false,"sceneViewState":{"showFog":true,"showMaterialUpdate":false,"showSkybox":false,"showFlares":true,"showImageEffects":true,"showParticleSystems":true},"in2DMode":false,"pivot":{"x":-1.8700000047683716,"y":0.7129999995231628,"z":-17.950000762939454},"rotation":{"x":0.023397624492645265,"y":-0.005396693013608456,"z":0.00012633216101676226,"w":0.9997127056121826},"size":1.2538052797317505,"orthographic":false}