{"cameraMode":{"drawMode":0,"name":"Shaded","section":"Shading Mode"},"sceneLighting":false,"audioPlay":false,"sceneViewState":{"showFog":true,"showMaterialUpdate":false,"showSkybox":false,"showFlares":true,"showImageEffects":true,"showParticleSystems":true},"in2DMode":false,"pivot":{"x":3.5903635025024416,"y":0.7231547832489014,"z":-0.8717870116233826},"rotation":{"x":0.007498824968934059,"y":-0.01739678904414177,"z":0.00013045828382018954,"w":0.999820351600647},"size":0.630635142326355,"orthographic":false}