{"cameraMode":{"drawMode":0,"name":"Shaded","section":"Shading Mode"},"sceneLighting":false,"audioPlay":false,"sceneViewState":{"showFog":true,"showMaterialUpdate":false,"showSkybox":false,"showFlares":true,"showImageEffects":true,"showParticleSystems":true},"in2DMode":false,"pivot":{"x":-14.130000114440918,"y":0.7099999785423279,"z":-8.619999885559082},"rotation":{"x":0.023397624492645265,"y":-0.005396693013608456,"z":0.00012633216101676226,"w":0.9997127056121826},"size":1.2538052797317505,"orthographic":false}