{"cameraMode":{"drawMode":0,"name":"Shaded","section":"Shading Mode"},"sceneLighting":false,"audioPlay":false,"sceneViewState":{"showFog":true,"showMaterialUpdate":false,"showSkybox":false,"showFlares":true,"showImageEffects":true,"showParticleSystems":true},"in2DMode":false,"pivot":{"x":-12.079999923706055,"y":0.7260000109672546,"z":-27.0},"rotation":{"x":0.023397624492645265,"y":-0.005396693013608456,"z":0.00012633216101676226,"w":0.9997127056121826},"size":1.253805160522461,"orthographic":false}