{"cameraMode":{"drawMode":0,"name":"Shaded","section":"Shading Mode"},"sceneLighting":false,"audioPlay":false,"sceneViewState":{"showFog":true,"showMaterialUpdate":false,"showSkybox":false,"showFlares":true,"showImageEffects":true,"showParticleSystems":true},"in2DMode":false,"pivot":{"x":3.023660659790039,"y":4.492583274841309,"z":5.442958831787109},"rotation":{"x":0.08041185885667801,"y":0.7355016469955444,"z":-0.08868522197008133,"w":0.6668729782104492},"size":7.198245525360107,"orthographic":false}